{
  "main": {
    "id": "d383c3b7fdaaa1a3",
    "type": "split",
    "children": [
      {
        "id": "b07fe8f14219f865",
        "type": "tabs",
        "children": [
          {
            "id": "89099da97db2e6b0",
            "type": "leaf",
            "state": {
              "type": "markdown",
              "state": {
                "file": "Analysis/Themes/Appeal to tradition.md",
                "mode": "source",
                "source": false
              },
              "icon": "lucide-file",
              "title": "Appeal to tradition"
            }
          }
        ]
      }
    ],
    "direction": "vertical"
  },
  "left": {
    "id": "1c2b4733673f3879",
    "type": "split",
    "children": [
      {
        "id": "6637a1ac05429e08",
        "type": "tabs",
        "children": [
          {
            "id": "baf18b62644bc00f",
            "type": "leaf",
            "state": {
              "type": "file-explorer",
              "state": {
                "sortOrder": "alphabetical",
                "autoReveal": false
              },
              "icon": "lucide-folder-closed",
              "title": "Files"
            }
          },
          {
            "id": "cd1576af9f10e829",
            "type": "leaf",
            "state": {
              "type": "search",
              "state": {
                "query": "",
                "matchingCase": false,
                "explainSearch": false,
                "collapseAll": false,
                "extraContext": false,
                "sortOrder": "alphabetical"
              },
              "icon": "lucide-search",
              "title": "Search"
            }
          },
          {
            "id": "3c461b186e2dcaf6",
            "type": "leaf",
            "state": {
              "type": "bookmarks",
              "state": {},
              "icon": "lucide-bookmark",
              "title": "Bookmarks"
            }
          }
        ]
      }
    ],
    "direction": "horizontal",
    "width": 300
  },
  "right": {
    "id": "8e996dff822c07f6",
    "type": "split",
    "children": [
      {
        "id": "b2c08f55d6c4ddc4",
        "type": "tabs",
        "children": [
          {
            "id": "eaac25600365dbe1",
            "type": "leaf",
            "state": {
              "type": "backlink",
              "state": {
                "file": "Analysis/Themes/Appeal to tradition.md",
                "collapseAll": false,
                "extraContext": false,
                "sortOrder": "alphabetical",
                "showSearch": false,
                "searchQuery": "",
                "backlinkCollapsed": false,
                "unlinkedCollapsed": true
              },
              "icon": "links-coming-in",
              "title": "Backlinks for Appeal to tradition"
            }
          },
          {
            "id": "a29699082d910636",
            "type": "leaf",
            "state": {
              "type": "outgoing-link",
              "state": {
                "file": "Analysis/Themes/Appeal to tradition.md",
                "linksCollapsed": false,
                "unlinkedCollapsed": true
              },
              "icon": "links-going-out",
              "title": "Outgoing links from Appeal to tradition"
            }
          },
          {
            "id": "d75e84cd53fd4f74",
            "type": "leaf",
            "state": {
              "type": "tag",
              "state": {
                "sortOrder": "frequency",
                "useHierarchy": true,
                "showSearch": false,
                "searchQuery": ""
              },
              "icon": "lucide-tags",
              "title": "Tags"
            }
          },
          {
            "id": "4d4d7c7d7d5d8d8a",
            "type": "leaf",
            "state": {
              "type": "outline",
              "state": {
                "file": "Analysis/Themes/Appeal to tradition.md",
                "followCursor": false,
                "showSearch": false,
                "searchQuery": ""
              },
              "icon": "lucide-list",
              "title": "Outline of Appeal to tradition"
            }
          },
          {
            "id": "580cf4d106e8e27c",
            "type": "leaf",
            "state": {
              "type": "footnotes",
              "state": {
                "file": "Analysis/Themes/Appeal to tradition.md"
              },
              "icon": "lucide-file-signature",
              "title": "Footnotes"
            }
          }
        ],
        "currentTab": 4
      }
    ],
    "direction": "horizontal",
    "width": 300
  },
  "left-ribbon": {
    "hiddenItems": {
      "switcher:Open quick switcher": false,
      "graph:Open graph view": false,
      "canvas:Create new canvas": false,
      "daily-notes:Open today's daily note": false,
      "templates:Insert template": false,
      "command-palette:Open command palette": false,
      "bases:Create new base": false
    }
  },
  "active": "89099da97db2e6b0",
  "lastOpenFiles": [
    "Analysis/Themes/Appeal to authority.md",
    "Analysis/Transcripts/I have a dream.md",
    "Analysis/Themes/Appeal to tradition.md",
    "Analysis/Themes/Ethos.md",
    "Welcome.md",
    "Bases/Semantic themes.base",
    "Bases/Semantic codes.base",
    "Analysis/Codes/Opening reference to Abraham Lincoln.md",
    "Templates/Semantic code.md",
    "Templates/Semantic theme.md",
    "Analysis/Codes",
    "Analysis/Themes",
    "Analysis/Transcripts",
    "Analysis",
    "Templates",
    "Bases"
  ]
}